<?xml version="1.0" encoding="UTF-8" ?>
<!DOCTYPE mapper
PUBLIC "-//mybatis.org//DTD Mapper 3.0//EN"
"http://mybatis.org/dtd/mybatis-3-mapper.dtd">
<mapper namespace="com.parttime.backstage.mapper.BannerMapper">
    
    <resultMap type="Banner" id="BannerResult">
        <result property="bannerTabId"    column="banner_tab_id"    />
        <result property="bannerImg"    column="banner_img"    />
        <result property="bannerImgAddress"    column="banner_img_address"    />
        <result property="imgSource"    column="img_source"    />
        <result property="sequence"    column="sequence"    />
        <result property="isStart"    column="is_start"    />
        <result property="createBy"    column="create_by"    />
        <result property="createTime"    column="create_time"    />
        <result property="updateBy"    column="update_by"    />
        <result property="updateTime"    column="update_time"    />
    </resultMap>

    <sql id="selectBannerVo">
        select banner_tab_id, banner_img, banner_img_address, img_source, sequence, is_start, create_by, create_time, update_by, update_time from yj_banner_tab
    </sql>

    <select id="selectBannerList" parameterType="Banner" resultMap="BannerResult">
        <include refid="selectBannerVo"/>
        <where>  
            <if test="imgSource != null  and imgSource != ''"> and img_source = #{imgSource}</if>
        </where>
    </select>
    
    <select id="selectBannerById" parameterType="Long" resultMap="BannerResult">
        <include refid="selectBannerVo"/>
        where banner_tab_id = #{bannerTabId}
    </select>
        
    <insert id="insertBanner" parameterType="Banner" useGeneratedKeys="true" keyProperty="bannerTabId">
        insert into yj_banner_tab
        <trim prefix="(" suffix=")" suffixOverrides=",">
            <if test="bannerImg != null">banner_img,</if>
            <if test="bannerImgAddress != null">banner_img_address,</if>
            <if test="imgSource != null">img_source,</if>
            <if test="sequence != null">sequence,</if>
            <if test="isStart != null">is_start,</if>
            <if test="createBy != null">create_by,</if>
            <if test="createTime != null">create_time,</if>
            <if test="updateBy != null">update_by,</if>
            <if test="updateTime != null">update_time,</if>
         </trim>
        <trim prefix="values (" suffix=")" suffixOverrides=",">
            <if test="bannerImg != null">#{bannerImg},</if>
            <if test="bannerImgAddress != null">#{bannerImgAddress},</if>
            <if test="imgSource != null">#{imgSource},</if>
            <if test="sequence != null">#{sequence},</if>
            <if test="isStart != null">#{isStart},</if>
            <if test="createBy != null">#{createBy},</if>
            <if test="createTime != null">#{createTime},</if>
            <if test="updateBy != null">#{updateBy},</if>
            <if test="updateTime != null">#{updateTime},</if>
         </trim>
    </insert>

    <update id="updateBanner" parameterType="Banner">
        update yj_banner_tab
        <trim prefix="SET" suffixOverrides=",">
            <if test="bannerImg != null">banner_img = #{bannerImg},</if>
            <if test="bannerImgAddress != null">banner_img_address = #{bannerImgAddress},</if>
            <if test="imgSource != null">img_source = #{imgSource},</if>
            <if test="sequence != null">sequence = #{sequence},</if>
            <if test="isStart != null">is_start = #{isStart},</if>
            <if test="createBy != null">create_by = #{createBy},</if>
            <if test="createTime != null">create_time = #{createTime},</if>
            <if test="updateBy != null">update_by = #{updateBy},</if>
            <if test="updateTime != null">update_time = #{updateTime},</if>
        </trim>
        where banner_tab_id = #{bannerTabId}
    </update>

    <delete id="deleteBannerById" parameterType="Long">
        delete from yj_banner_tab where banner_tab_id = #{bannerTabId}
    </delete>

    <delete id="deleteBannerByIds" parameterType="String">
        delete from yj_banner_tab where banner_tab_id in 
        <foreach item="bannerTabId" collection="array" open="(" separator="," close=")">
            #{bannerTabId}
        </foreach>
    </delete>
</mapper>