<?xml version="1.0" encoding="UTF-8" ?>
<!DOCTYPE mapper
PUBLIC "-//mybatis.org//DTD Mapper 3.0//EN"
"http://mybatis.org/dtd/mybatis-3-mapper.dtd">
<mapper namespace="com.parttime.backstage.mapper.SysSortMapper">
    
    <resultMap type="SysSort" id="SysSortResult">
        <result property="sortId"    column="sort_id"    />
        <result property="className"    column="class_name"    />
        <result property="classIcon"    column="class_icon"    />
        <result property="address"    column="address"    />
        <result property="createBy"    column="create_by"    />
        <result property="createTime"    column="create_time"    />
        <result property="updateBy"    column="update_by"    />
        <result property="updateTime"    column="update_time"    />
        <result property="state"    column="state"    />
        <result property="number"    column="number"    />
        <result property="spare"    column="spare"    />
    </resultMap>

    <sql id="selectSysSortVo">
        select sort_id, class_name, class_icon, address, create_by, create_time, update_by, update_time, state, number, spare from sys_sort
    </sql>

    <select id="selectSysSortList" parameterType="SysSort" resultMap="SysSortResult">
        <include refid="selectSysSortVo"/>
        <where>  
            <if test="className != null  and className != ''"> and class_name like concat('%', #{className}, '%')</if>
            <if test="classIcon != null  and classIcon != ''"> and class_icon = #{classIcon}</if>
            <if test="address != null  and address != ''"> and address = #{address}</if>
            <if test="state != null  and state != ''"> and state = #{state}</if>
            <if test="number != null "> and number = #{number}</if>
            <if test="spare != null  and spare != ''"> and spare = #{spare}</if>
        </where>
    </select>
    
    <select id="selectSysSortById" parameterType="Long" resultMap="SysSortResult">
        <include refid="selectSysSortVo"/>
        where sort_id = #{sortId}
    </select>
        
    <insert id="insertSysSort" parameterType="SysSort" useGeneratedKeys="true" keyProperty="sortId">
        insert into sys_sort
        <trim prefix="(" suffix=")" suffixOverrides=",">
            <if test="className != null and className != ''">class_name,</if>
            <if test="classIcon != null and classIcon != ''">class_icon,</if>
            <if test="address != null and address != ''">address,</if>
            <if test="createBy != null">create_by,</if>
            <if test="createTime != null">create_time,</if>
            <if test="updateBy != null">update_by,</if>
            <if test="updateTime != null">update_time,</if>
            <if test="state != null">state,</if>
            <if test="number != null">number,</if>
            <if test="spare != null">spare,</if>
         </trim>
        <trim prefix="values (" suffix=")" suffixOverrides=",">
            <if test="className != null and className != ''">#{className},</if>
            <if test="classIcon != null and classIcon != ''">#{classIcon},</if>
            <if test="address != null and address != ''">#{address},</if>
            <if test="createBy != null">#{createBy},</if>
            <if test="createTime != null">#{createTime},</if>
            <if test="updateBy != null">#{updateBy},</if>
            <if test="updateTime != null">#{updateTime},</if>
            <if test="state != null">#{state},</if>
            <if test="number != null">#{number},</if>
            <if test="spare != null">#{spare},</if>
         </trim>
    </insert>

    <update id="updateSysSort" parameterType="SysSort">
        update sys_sort
        <trim prefix="SET" suffixOverrides=",">
            <if test="className != null and className != ''">class_name = #{className},</if>
            <if test="classIcon != null and classIcon != ''">class_icon = #{classIcon},</if>
            <if test="address != null and address != ''">address = #{address},</if>
            <if test="createBy != null">create_by = #{createBy},</if>
            <if test="createTime != null">create_time = #{createTime},</if>
            <if test="updateBy != null">update_by = #{updateBy},</if>
            <if test="updateTime != null">update_time = #{updateTime},</if>
            <if test="state != null">state = #{state},</if>
            <if test="number != null">number = #{number},</if>
            <if test="spare != null">spare = #{spare},</if>
        </trim>
        where sort_id = #{sortId}
    </update>

    <delete id="deleteSysSortById" parameterType="Long">
        delete from sys_sort where sort_id = #{sortId}
    </delete>

    <delete id="deleteSysSortByIds" parameterType="String">
        delete from sys_sort where sort_id in 
        <foreach item="sortId" collection="array" open="(" separator="," close=")">
            #{sortId}
        </foreach>
    </delete>
</mapper>